{
  "main": {
    "id": "3e4446b025afaba7",
    "type": "split",
    "children": [
      {
        "id": "87f46636b8115a5b",
        "type": "tabs",
        "children": [
          {
            "id": "49a5dfbcce4d82d2",
            "type": "leaf",
            "state": {
              "type": "markdown",
              "state": {
                "file": "notes/yehiature 4.md",
                "mode": "source",
                "source": false
              },
              "icon": "lucide-file",
              "title": "yehiature 4"
            }
          }
        ]
      }
    ],
    "direction": "vertical"
  },
  "left": {
    "id": "1289de78711f8e86",
    "type": "split",
    "children": [
      {
        "id": "08caab585b9dc579",
        "type": "tabs",
        "children": [
          {
            "id": "1230b88ec353398b",
            "type": "leaf",
            "state": {
              "type": "outline",
              "state": {
                "file": "notes/yehiature 4.md",
                "followCursor": false,
                "showSearch": false,
                "searchQuery": ""
              },
              "icon": "lucide-list",
              "title": "Outline of yehiature 4"
            }
          },
          {
            "id": "eb8bb72b290f2177",
            "type": "leaf",
            "state": {
              "type": "search",
              "state": {
                "query": "attacker",
                "matchingCase": false,
                "explainSearch": true,
                "collapseAll": false,
                "extraContext": false,
                "sortOrder": "alphabetical"
              },
              "icon": "lucide-search",
              "title": "Search"
            }
          },
          {
            "id": "d641f06522123348",
            "type": "leaf",
            "state": {
              "type": "bookmarks",
              "state": {},
              "icon": "lucide-bookmark",
              "title": "Bookmarks"
            }
          }
        ]
      },
      {
        "id": "52b1811a04f3a448",
        "type": "tabs",
        "children": [
          {
            "id": "1258101ec8b9054a",
            "type": "leaf",
            "state": {
              "type": "file-explorer",
              "state": {
                "sortOrder": "alphabetical",
                "autoReveal": false
              },
              "icon": "lucide-folder-closed",
              "title": "Files"
            }
          }
        ]
      }
    ],
    "direction": "horizontal",
    "width": 312,
    "collapsed": true
  },
  "right": {
    "id": "aa74c43b037a7228",
    "type": "split",
    "children": [
      {
        "id": "36f9975517d49978",
        "type": "tabs",
        "children": [
          {
            "id": "c29f90bd2a3fb3f1",
            "type": "leaf",
            "state": {
              "type": "stats-tracker",
              "state": {},
              "icon": "lucide-file",
              "title": "Plugin no longer active"
            }
          },
          {
            "id": "8510e654e63f2d2b",
            "type": "leaf",
            "state": {
              "type": "backlink",
              "state": {
                "file": "Excalidraw/lecture 9 2025-02-10 10.58.08.excalidraw.md",
                "collapseAll": false,
                "extraContext": false,
                "sortOrder": "alphabetical",
                "showSearch": false,
                "searchQuery": "",
                "backlinkCollapsed": false,
                "unlinkedCollapsed": true
              },
              "icon": "links-coming-in",
              "title": "Backlinks for lecture 9 2025-02-10 10.58.08.excalidraw"
            }
          },
          {
            "id": "6e7a51390c45511c",
            "type": "leaf",
            "state": {
              "type": "outgoing-link",
              "state": {
                "file": "Excalidraw/lecture 9 2025-02-10 10.58.08.excalidraw.md",
                "linksCollapsed": false,
                "unlinkedCollapsed": true
              },
              "icon": "links-going-out",
              "title": "Outgoing links from lecture 9 2025-02-10 10.58.08.excalidraw"
            }
          },
          {
            "id": "3b7cb259d98bfebb",
            "type": "leaf",
            "state": {
              "type": "tag",
              "state": {
                "sortOrder": "frequency",
                "useHierarchy": true,
                "showSearch": false,
                "searchQuery": ""
              },
              "icon": "lucide-tags",
              "title": "Tags"
            }
          },
          {
            "id": "72db143ced4df1ab",
            "type": "leaf",
            "state": {
              "type": "stats-tracker",
              "state": {},
              "icon": "lucide-file",
              "title": "Plugin no longer active"
            }
          },
          {
            "id": "139b772a9433fe80",
            "type": "leaf",
            "state": {
              "type": "stats-tracker",
              "state": {},
              "icon": "lucide-file",
              "title": "Plugin no longer active"
            }
          },
          {
            "id": "97691f3664d53914",
            "type": "leaf",
            "state": {
              "type": "stats-tracker",
              "state": {},
              "icon": "lucide-file",
              "title": "Plugin no longer active"
            }
          },
          {
            "id": "a3fe62e860652db8",
            "type": "leaf",
            "state": {
              "type": "advanced-tables-toolbar",
              "state": {},
              "icon": "lucide-file",
              "title": "Plugin no longer active"
            }
          },
          {
            "id": "63e877cd07220d2f",
            "type": "leaf",
            "state": {
              "type": "stats-tracker",
              "state": {},
              "icon": "lucide-file",
              "title": "Plugin no longer active"
            }
          },
          {
            "id": "5df217f07248929d",
            "type": "leaf",
            "state": {
              "type": "stats-tracker",
              "state": {},
              "icon": "lucide-file",
              "title": "Plugin no longer active"
            }
          },
          {
            "id": "6b405df3fd7c9fb9",
            "type": "leaf",
            "state": {
              "type": "stats-tracker",
              "state": {},
              "icon": "bar-graph",
              "title": "Daily Stats"
            }
          }
        ],
        "currentTab": 7
      }
    ],
    "direction": "horizontal",
    "width": 405,
    "collapsed": true
  },
  "left-ribbon": {
    "hiddenItems": {
      "switcher:Open quick switcher": false,
      "graph:Open graph view": false,
      "canvas:Create new canvas": false,
      "daily-notes:Open today's daily note": false,
      "templates:Insert template": false,
      "command-palette:Open command palette": false,
      "table-editor-obsidian:Advanced Tables Toolbar": false,
      "obsidian-excalidraw-plugin:Create new drawing": false
    }
  },
  "active": "49a5dfbcce4d82d2",
  "lastOpenFiles": [
    "export instructions.md",
    "notes/export instructions.md",
    "CloudComputingVault.zip",
    "notes/yehiature 3.md",
    "notes/yehiature 2.md",
    "notes/yehiature 1.md",
    "notes/lecture 5.md",
    "notes/lecture 4.md",
    "notes/lecture 3.md",
    "notes/lecture 2.md",
    "notes/lecture 1.md",
    "lecture 9.md",
    "lecture 8.md",
    "lecture 7.md",
    "lecture 6.md",
    "lecture 5.md",
    "lecture 3.md",
    "lecture 10.md",
    "index.md",
    "attachments/Pasted image 20250319023719.png",
    "notes/gl.md",
    "attachments/Pasted image 20250319023320.png",
    "attachments/Pasted image 20250319023347.png",
    "attachments/Pasted image 20250319023051.png",
    "notes/Untitled.md",
    "attachments/Pasted image 20250310111507.png",
    "notes/lecture 16.md",
    "notes/lecture 15.md",
    "attachments/Pasted image 20250310103436.png",
    "Excalidraw/lecture 15 2025-03-10 10.21.52.excalidraw.md",
    "notes/lecture 8.md",
    "notes/lecture 7.md",
    "attachments/sym/moodle/week 1/lecture2.pdf",
    "notes/lecture 10.md",
    "attachments/Pasted image 20250227195512.png",
    "attachments/Pasted image 20250227150059.png",
    "Excalidraw/lecture 10? 2025-02-24 11.14.06.excalidraw.svg",
    "Excalidraw/lecture 10? 2025-02-24 10.48.42.excalidraw.svg",
    "attachments/sym/moodle/week 3/lecture6.pdf",
    "attachments/sym/moodle/week 3/lecture5.pdf",
    "attachments/sym/moodle/week 4/lecture8.pdf",
    "attachments/sym/moodle/week 4/lecture7.pdf",
    "attachments/sym/moodle/week 4",
    "attachments/sym/moodle/week 3",
    "attachments/sym/moodle/week 2/lecture4.pdf",
    "attachments/sym/moodle/week 2/lecture3.pdf"
  ]
}