{
  "obsidian-excalidraw-plugin:Excalidraw Automate script folde/set grid 40": [
    {
      "modifiers": [
        "Alt"
      ],
      "key": "`"
    }
  ],
  "obsidian-excalidraw-plugin:excalidraw-autocreate-and-embed-popout": [
    {
      "modifiers": [
        "Alt"
      ],
      "key": "E"
    }
  ],
  "editor:fold-all": [
    {
      "modifiers": [
        "Alt",
        "Shift"
      ],
      "key": "F"
    }
  ],
  "app:open-vault": [
    {
      "modifiers": [
        "Alt",
        "Mod"
      ],
      "key": "O"
    }
  ],
  "editor:open-search-replace": [
    {
      "modifiers": [
        "Mod"
      ],
      "key": "F"
    }
  ],
  "editor:open-search": [],
  "editor:toggle-source": [
    {
      "modifiers": [
        "Alt"
      ],
      "key": "V"
    }
  ],
  "editor:unfold-all": [
    {
      "modifiers": [
        "Alt",
        "Mod",
        "Shift"
      ],
      "key": "F"
    }
  ],
  "editor:toggle-highlight": [
    {
      "modifiers": [
        "Mod"
      ],
      "key": "H"
    }
  ],
  "app:go-forward": [
    {
      "modifiers": [
        "Alt"
      ],
      "key": "ArrowRight"
    }
  ],
  "app:go-back": [
    {
      "modifiers": [
        "Alt"
      ],
      "key": "ArrowLeft"
    }
  ],
  "obsidian-daily-stats:show-daily-stats-tracker-view": [
    {
      "modifiers": [
        "Alt",
        "Mod",
        "Shift"
      ],
      "key": "W"
    }
  ],
  "workspace:next-tab": [
    {
      "modifiers": [
        "Ctrl"
      ],
      "key": "PageDown"
    }
  ],
  "workspace:previous-tab": [
    {
      "modifiers": [
        "Ctrl"
      ],
      "key": "PageUp"
    }
  ],
  "editor:set-heading-6": [
    {
      "modifiers": [
        "Alt"
      ],
      "key": "6"
    }
  ],
  "editor:set-heading-5": [
    {
      "modifiers": [
        "Alt"
      ],
      "key": "5"
    }
  ],
  "editor:set-heading-4": [
    {
      "modifiers": [
        "Alt"
      ],
      "key": "4"
    }
  ],
  "editor:set-heading-3": [
    {
      "modifiers": [
        "Alt"
      ],
      "key": "3"
    }
  ],
  "editor:set-heading-2": [
    {
      "modifiers": [
        "Alt"
      ],
      "key": "2"
    }
  ],
  "editor:set-heading-1": [
    {
      "modifiers": [
        "Alt"
      ],
      "key": "1"
    }
  ],
  "app:toggle-left-sidebar": [
    {
      "modifiers": [],
      "key": "F4"
    }
  ],
  "app:toggle-right-sidebar": [
    {
      "modifiers": [
        "Shift"
      ],
      "key": "F4"
    }
  ],
  "obsidian-completr:completr-insert-selected-suggestion": [
    {
      "modifiers": [
        "Alt"
      ],
      "key": "Tab"
    }
  ],
  "obsidian-completr:completr-close-suggestion-popup": []
}