{"history":{"2024-02-04":{"words":264,"characters":1563,"sentences":11,"pages":0.9000000000000004,"files":16,"footnotes":0,"citations":0,"totalWords":13604,"totalCharacters":101039,"totalSentences":510,"totalFootnotes":15506,"totalCitations":15506,"totalPages":45.300000000000004},"2024-02-05":{"words":1578,"characters":10224,"sentences":56,"pages":5.2,"files":17,"footnotes":0,"citations":0,"totalWords":15182,"totalCharacters":111255,"totalSentences":566,"totalFootnotes":99631,"totalCitations":99631,"totalPages":50.50000000000004},"2024-02-06":{"words":3110,"characters":20264,"sentences":144,"pages":10.399999999999999,"files":27,"footnotes":0,"citations":0,"totalWords":48048,"totalCharacters":602367,"totalSentences":858,"totalFootnotes":0,"totalCitations":0,"totalPages":160.20000000000002},"2024-02-08":{"words":1091,"characters":7056,"sentences":40,"pages":3.6,"files":12,"footnotes":0,"citations":0,"totalWords":13397,"totalCharacters":90877,"totalSentences":390,"totalFootnotes":39252,"totalCitations":39252,"totalPages":44.60000000000001},"2024-02-09":{"words":890,"characters":5559,"sentences":33,"pages":2.9999999999999996,"files":12,"footnotes":0,"citations":0,"totalWords":15182,"totalCharacters":111255,"totalSentences":566,"totalFootnotes":0,"totalCitations":0,"totalPages":50.5},"2024-02-10":{"words":1914,"characters":14372,"sentences":49,"pages":6.3,"files":17,"footnotes":0,"citations":0,"totalWords":17097,"totalCharacters":125634,"totalSentences":615,"totalFootnotes":205245,"totalCitations":205245,"totalPages":56.90000000000003},"2024-02-12":{"words":1336,"characters":9905,"sentences":27,"pages":4.5,"files":18,"footnotes":0,"citations":0,"totalWords":18433,"totalCharacters":135536,"totalSentences":642,"totalFootnotes":65939,"totalCitations":65939,"totalPages":61.40000000000001},"2024-02-13":{"words":1092,"characters":7523,"sentences":28,"pages":3.5,"files":28,"footnotes":0,"citations":0,"totalWords":48722,"totalCharacters":606686,"totalSentences":876,"totalFootnotes":57980,"totalCitations":57980,"totalPages":162.3999999999999},"2024-02-14":{"words":1272,"characters":8460,"sentences":31,"pages":4.1000000000000005,"files":12,"footnotes":0,"citations":0,"totalWords":14630,"totalCharacters":98537,"totalSentences":435,"totalFootnotes":39999,"totalCitations":39999,"totalPages":48.7},"2024-02-15":{"words":1811,"characters":11509,"sentences":64,"pages":6.000000000000001,"files":13,"footnotes":0,"citations":0,"totalWords":16441,"totalCharacters":110049,"totalSentences":499,"totalFootnotes":224614,"totalCitations":224614,"totalPages":54.70000000000007},"2024-02-16":{"words":602,"characters":3687,"sentences":25,"pages":2,"files":14,"footnotes":0,"citations":0,"totalWords":18492,"totalCharacters":237394,"totalSentences":206,"totalFootnotes":41436,"totalCitations":41436,"totalPages":61.600000000000016},"2024-02-18":{"words":194,"characters":1158,"sentences":5,"pages":0.7000000000000002,"files":14,"footnotes":0,"citations":0,"totalWords":18787,"totalCharacters":239788,"totalSentences":214,"totalFootnotes":0,"totalCitations":0,"totalPages":62.599999999999994},"2024-02-19":{"words":220,"characters":1273,"sentences":2,"pages":0.6999999999999997,"files":16,"footnotes":0,"citations":0,"totalWords":23599,"totalCharacters":321167,"totalSentences":216,"totalFootnotes":20194,"totalCitations":20194,"totalPages":78.59999999999998},"2024-02-20":{"words":30,"characters":251,"sentences":1,"pages":0.10000000000000009,"files":16,"footnotes":0,"citations":0,"totalWords":23633,"totalCharacters":321455,"totalSentences":217,"totalFootnotes":0,"totalCitations":0,"totalPages":78.69999999999999},"2024-02-21":{"words":0,"characters":0,"sentences":0,"pages":0,"files":13,"footnotes":0,"citations":0,"totalWords":17338,"totalCharacters":115643,"totalSentences":541,"totalFootnotes":0,"totalCitations":0,"totalPages":57.7},"2024-02-22":{"words":0,"characters":0,"sentences":0,"pages":0,"files":13,"footnotes":0,"citations":0,"totalWords":17338,"totalCharacters":115644,"totalSentences":541,"totalFootnotes":356,"totalCitations":356,"totalPages":57.7},"2024-02-23":{"words":0,"characters":0,"sentences":0,"pages":0,"files":0,"footnotes":0,"citations":0,"totalWords":17370,"totalCharacters":115842,"totalSentences":541,"totalFootnotes":0,"totalCitations":0,"totalPages":57.8},"2024-02-24":{"words":0,"characters":0,"sentences":0,"pages":0,"files":0,"footnotes":0,"citations":0,"totalWords":17370,"totalCharacters":115842,"totalSentences":541,"totalFootnotes":0,"totalCitations":0,"totalPages":57.8},"2024-02-25":{"words":2239,"characters":14049,"sentences":102,"pages":7.5,"files":14,"footnotes":0,"citations":0,"totalWords":19617,"totalCharacters":129924,"totalSentences":644,"totalFootnotes":0,"totalCitations":0,"totalPages":65.3},"2024-02-26":{"words":0,"characters":0,"sentences":0,"pages":0,"files":14,"footnotes":0,"citations":0,"totalWords":20900,"totalCharacters":152307,"totalSentences":719,"totalFootnotes":0,"totalCitations":0,"totalPages":69.60000000000002},"2024-02-27":{"words":2026,"characters":12682,"sentences":84,"pages":6.8,"files":31,"footnotes":0,"citations":0,"totalWords":55455,"totalCharacters":651189,"totalSentences":1104,"totalFootnotes":5398,"totalCitations":5398,"totalPages":184.9},"2024-02-28":{"words":0,"characters":0,"sentences":0,"pages":0,"files":0,"footnotes":0,"citations":0,"totalWords":57426,"totalCharacters":915130,"totalSentences":277,"totalFootnotes":0,"totalCitations":0,"totalPages":191.3},"2024-02-29":{"words":0,"characters":0,"sentences":0,"pages":0,"files":21,"footnotes":0,"citations":0,"totalWords":22185,"totalCharacters":161086,"totalSentences":757,"totalFootnotes":124743,"totalCitations":124743,"totalPages":73.8999999999999},"2024-03-01":{"words":0,"characters":0,"sentences":11,"pages":0,"files":18,"footnotes":0,"citations":0,"totalWords":63229,"totalCharacters":950931,"totalSentences":391,"totalFootnotes":93012,"totalCitations":93012,"totalPages":210.6999999999999},"2024-03-02":{"words":435,"characters":2275,"sentences":19,"pages":1.4000000000000004,"files":18,"footnotes":0,"citations":0,"totalWords":63664,"totalCharacters":953206,"totalSentences":410,"totalFootnotes":157462,"totalCitations":157462,"totalPages":212.0999999999999},"2024-03-05":{"words":1119,"characters":5888,"sentences":27,"pages":3.6999999999999993,"files":18,"footnotes":0,"citations":0,"totalWords":64784,"totalCharacters":959099,"totalSentences":437,"totalFootnotes":135972,"totalCitations":135972,"totalPages":215.79999999999995},"2024-03-07":{"words":3097,"characters":19491,"sentences":113,"pages":10.3,"files":15,"footnotes":0,"citations":0,"totalWords":66132,"totalCharacters":968386,"totalSentences":509,"totalFootnotes":0,"totalCitations":0,"totalPages":220.3},"2024-03-08":{"words":0,"characters":0,"sentences":0,"pages":0,"files":0,"footnotes":0,"citations":0,"totalWords":66005,"totalCharacters":968757,"totalSentences":515,"totalFootnotes":0,"totalCitations":0,"totalPages":219.8},"2024-03-11":{"words":0,"characters":0,"sentences":0,"pages":0,"files":0,"footnotes":0,"citations":0,"totalWords":44145,"totalCharacters":520558,"totalSentences":872,"totalFootnotes":0,"totalCitations":0,"totalPages":147.00000000000003},"2024-03-13":{"words":0,"characters":0,"sentences":0,"pages":0,"files":19,"footnotes":0,"citations":0,"totalWords":66005,"totalCharacters":968853,"totalSentences":515,"totalFootnotes":0,"totalCitations":0,"totalPages":219.8},"2024-03-14":{"words":629,"characters":3999,"sentences":24,"pages":2.1,"files":20,"footnotes":0,"citations":0,"totalWords":71151,"totalCharacters":1042541,"totalSentences":584,"totalFootnotes":0,"totalCitations":0,"totalPages":237.1},"2024-03-15":{"words":0,"characters":0,"sentences":0,"pages":0,"files":0,"footnotes":0,"citations":0,"totalWords":71091,"totalCharacters":1042307,"totalSentences":569,"totalFootnotes":0,"totalCitations":0,"totalPages":236.9},"2024-03-17":{"words":0,"characters":0,"sentences":0,"pages":0,"files":15,"footnotes":0,"citations":0,"totalWords":71091,"totalCharacters":1042307,"totalSentences":569,"totalFootnotes":0,"totalCitations":0,"totalPages":236.9},"2024-03-18":{"words":0,"characters":0,"sentences":0,"pages":0,"files":15,"footnotes":0,"citations":0,"totalWords":23550,"totalCharacters":154479,"totalSentences":809,"totalFootnotes":0,"totalCitations":0,"totalPages":78.40000000000002},"2024-03-25":{"words":44,"characters":339,"sentences":0,"pages":0.1,"files":16,"footnotes":0,"citations":0,"totalWords":23595,"totalCharacters":154819,"totalSentences":810,"totalFootnotes":150,"totalCitations":150,"totalPages":78.50000000000001},"2024-03-26":{"words":2123,"characters":14489,"sentences":103,"pages":7.1000000000000005,"files":24,"footnotes":0,"citations":0,"totalWords":45458,"totalCharacters":530294,"totalSentences":942,"totalFootnotes":409055,"totalCitations":409055,"totalPages":151.39999999999978},"2024-03-27":{"words":2624,"characters":17979,"sentences":123,"pages":8.8,"files":31,"footnotes":0,"citations":0,"totalWords":57103,"totalCharacters":661983,"totalSentences":1183,"totalFootnotes":0,"totalCitations":0,"totalPages":190.4},"2024-03-28":{"words":1794,"characters":11926,"sentences":65,"pages":5.9,"files":31,"footnotes":0,"citations":0,"totalWords":58897,"totalCharacters":673909,"totalSentences":1248,"totalFootnotes":1818713,"totalCitations":1818713,"totalPages":196.29999999999973},"2024-03-29":{"words":46,"characters":374,"sentences":0,"pages":0.2999999999999996,"files":32,"footnotes":0,"citations":0,"totalWords":58980,"totalCharacters":674542,"totalSentences":1249,"totalFootnotes":0,"totalCitations":0,"totalPages":196.70000000000002},"2024-03-30":{"words":1442,"characters":8221,"sentences":34,"pages":4.800000000000001,"files":22,"footnotes":0,"citations":0,"totalWords":75952,"totalCharacters":1102753,"totalSentences":639,"totalFootnotes":0,"totalCitations":0,"totalPages":253.1},"2024-03-31":{"words":2720,"characters":16488,"sentences":91,"pages":9.100000000000001,"files":17,"footnotes":0,"citations":0,"totalWords":26530,"totalCharacters":173374,"totalSentences":928,"totalFootnotes":263902,"totalCitations":263902,"totalPages":88.39999999999974},"2024-04-01":{"words":0,"characters":234,"sentences":0,"pages":0,"files":32,"footnotes":0,"citations":0,"totalWords":58980,"totalCharacters":674775,"totalSentences":1249,"totalFootnotes":18278,"totalCitations":18278,"totalPages":196.70000000000002},"2024-04-02":{"words":46,"characters":273,"sentences":0,"pages":0.1999999999999993,"files":32,"footnotes":0,"citations":0,"totalWords":59025,"totalCharacters":675048,"totalSentences":1248,"totalFootnotes":0,"totalCitations":0,"totalPages":196.90000000000003},"2024-04-03":{"words":1,"characters":17,"sentences":0,"pages":0,"files":32,"footnotes":0,"citations":0,"totalWords":59026,"totalCharacters":675067,"totalSentences":1248,"totalFootnotes":0,"totalCitations":0,"totalPages":196.90000000000003},"2024-04-04":{"words":0,"characters":1,"sentences":1,"pages":0,"files":32,"footnotes":0,"citations":0,"totalWords":59025,"totalCharacters":675054,"totalSentences":1249,"totalFootnotes":114,"totalCitations":114,"totalPages":196.90000000000003},"2024-04-05":{"words":1177,"characters":7546,"sentences":38,"pages":4,"files":17,"footnotes":0,"citations":0,"totalWords":27954,"totalCharacters":182397,"totalSentences":975,"totalFootnotes":657788,"totalCitations":657788,"totalPages":93.19999999999982},"2024-04-06":{"words":1882,"characters":11792,"sentences":61,"pages":6.199999999999999,"files":17,"footnotes":0,"citations":0,"totalWords":29836,"totalCharacters":194195,"totalSentences":1036,"totalFootnotes":150727,"totalCitations":150727,"totalPages":99.4},"2024-04-08":{"words":0,"characters":0,"sentences":0,"pages":0,"files":17,"footnotes":0,"citations":0,"totalWords":34383,"totalCharacters":228077,"totalSentences":1095,"totalFootnotes":0,"totalCitations":0,"totalPages":114.60000000000002},"2024-04-09":{"words":0,"characters":0,"sentences":0,"pages":0,"files":0,"footnotes":0,"citations":0,"totalWords":67267,"totalCharacters":766631,"totalSentences":1319,"totalFootnotes":0,"totalCitations":0,"totalPages":224.40000000000003},"2024-04-10":{"words":6725,"characters":42595,"sentences":279,"pages":22.4,"files":3,"footnotes":0,"citations":0,"totalWords":6820,"totalCharacters":43786,"totalSentences":281,"totalFootnotes":795687,"totalCitations":795687,"totalPages":22.700000000000003},"2024-04-11":{"words":6941,"characters":41673,"sentences":290,"pages":23.1,"files":4,"footnotes":0,"citations":0,"totalWords":14336,"totalCharacters":89126,"totalSentences":606,"totalFootnotes":0,"totalCitations":0,"totalPages":47.699999999999996},"2024-04-12":{"words":6082,"characters":38348,"sentences":276,"pages":20.3,"files":5,"footnotes":0,"citations":0,"totalWords":20419,"totalCharacters":127475,"totalSentences":883,"totalFootnotes":0,"totalCitations":0,"totalPages":68},"2024-04-13":{"words":1195,"characters":7047,"sentences":35,"pages":4,"files":6,"footnotes":0,"citations":0,"totalWords":21604,"totalCharacters":134471,"totalSentences":918,"totalFootnotes":16964,"totalCitations":16964,"totalPages":71.99999999999997},"2024-04-14":{"words":866,"characters":5541,"sentences":37,"pages":2.9000000000000004,"files":6,"footnotes":0,"citations":0,"totalWords":22494,"totalCharacters":140196,"totalSentences":955,"totalFootnotes":117935,"totalCitations":117935,"totalPages":74.89999999999993},"2024-04-16":{"words":14,"characters":94,"sentences":1,"pages":0,"files":7,"footnotes":0,"citations":0,"totalWords":27821,"totalCharacters":181773,"totalSentences":993,"totalFootnotes":0,"totalCitations":0,"totalPages":92.7},"2024-04-17":{"words":757,"characters":4843,"sentences":25,"pages":2.6,"files":8,"footnotes":0,"citations":0,"totalWords":2126,"totalCharacters":19380,"totalSentences":50,"totalFootnotes":67089,"totalCitations":67089,"totalPages":7.099999999999991},"2024-04-18":{"words":2306,"characters":14838,"sentences":75,"pages":7.699999999999999,"files":10,"footnotes":0,"citations":0,"totalWords":4434,"totalCharacters":34222,"totalSentences":128,"totalFootnotes":41012,"totalCitations":41012,"totalPages":14.799999999999999},"2024-04-19":{"words":4288,"characters":27524,"sentences":160,"pages":14.3,"files":12,"footnotes":0,"citations":0,"totalWords":8723,"totalCharacters":61755,"totalSentences":290,"totalFootnotes":98656,"totalCitations":98656,"totalPages":29.10000000000001},"2024-04-20":{"words":843,"characters":5622,"sentences":37,"pages":2.8000000000000003,"files":13,"footnotes":0,"citations":0,"totalWords":9567,"totalCharacters":67380,"totalSentences":327,"totalFootnotes":17434,"totalCitations":17434,"totalPages":31.90000000000001},"2024-04-21":{"words":3652,"characters":23584,"sentences":148,"pages":12,"files":17,"footnotes":0,"citations":0,"totalWords":13226,"totalCharacters":90991,"totalSentences":480,"totalFootnotes":240923,"totalCitations":240923,"totalPages":44.000000000000014},"2024-04-22":{"words":16,"characters":114,"sentences":0,"pages":0.09999999999999964,"files":36,"footnotes":0,"citations":0,"totalWords":77421,"totalCharacters":921056,"totalSentences":1345,"totalFootnotes":0,"totalCitations":0,"totalPages":258.20000000000005},"2024-04-23":{"words":4,"characters":56,"sentences":0,"pages":0,"files":39,"footnotes":0,"citations":0,"totalWords":75380,"totalCharacters":805647,"totalSentences":1407,"totalFootnotes":0,"totalCitations":0,"totalPages":251.00000000000003},"2024-04-24":{"words":0,"characters":0,"sentences":0,"pages":0,"files":40,"footnotes":0,"citations":0,"totalWords":83574,"totalCharacters":898969,"totalSentences":1442,"totalFootnotes":0,"totalCitations":0,"totalPages":278.70000000000005},"2024-04-25":{"words":3,"characters":17,"sentences":0,"pages":0,"files":27,"footnotes":0,"citations":0,"totalWords":81281,"totalCharacters":844162,"totalSentences":1483,"totalFootnotes":0,"totalCitations":0,"totalPages":270.7},"2024-04-26":{"words":0,"characters":0,"sentences":0,"pages":0,"files":0,"footnotes":0,"citations":0,"totalWords":82288,"totalCharacters":855100,"totalSentences":1483,"totalFootnotes":0,"totalCitations":0,"totalPages":274},"2024-04-28":{"words":0,"characters":0,"sentences":0,"pages":0,"files":0,"footnotes":0,"citations":0,"totalWords":89293,"totalCharacters":900813,"totalSentences":1542,"totalFootnotes":0,"totalCitations":0,"totalPages":297.4},"2024-04-29":{"words":0,"characters":0,"sentences":0,"pages":0,"files":0,"footnotes":0,"citations":0,"totalWords":74816,"totalCharacters":807966,"totalSentences":1216,"totalFootnotes":0,"totalCitations":0,"totalPages":249.29999999999998},"2024-04-30":{"words":83,"characters":331,"sentences":4,"pages":0.3,"files":19,"footnotes":0,"citations":0,"totalWords":13329,"totalCharacters":91482,"totalSentences":485,"totalFootnotes":77,"totalCitations":77,"totalPages":44.4},"2024-05-01":{"words":3,"characters":19,"sentences":0,"pages":0,"files":42,"footnotes":0,"citations":0,"totalWords":87525,"totalCharacters":917220,"totalSentences":1489,"totalFootnotes":0,"totalCitations":0,"totalPages":291.90000000000003},"2024-05-02":{"words":0,"characters":1,"sentences":0,"pages":0,"files":44,"footnotes":0,"citations":0,"totalWords":94565,"totalCharacters":970221,"totalSentences":1544,"totalFootnotes":0,"totalCitations":0,"totalPages":315.40000000000003},"2024-05-03":{"words":0,"characters":0,"sentences":0,"pages":0,"files":44,"footnotes":0,"citations":0,"totalWords":86535,"totalCharacters":846251,"totalSentences":1544,"totalFootnotes":1,"totalCitations":1,"totalPages":288.50000000000006},"2024-05-05":{"words":40,"characters":330,"sentences":0,"pages":0.1,"files":25,"footnotes":0,"citations":0,"totalWords":46474,"totalCharacters":537808,"totalSentences":986,"totalFootnotes":0,"totalCitations":0,"totalPages":154.8},"2024-05-06":{"words":1,"characters":1,"sentences":0,"pages":0,"files":25,"footnotes":0,"citations":0,"totalWords":46474,"totalCharacters":537808,"totalSentences":986,"totalFootnotes":0,"totalCitations":0,"totalPages":154.8},"2024-05-07":{"words":44,"characters":267,"sentences":6,"pages":0.10000000000000053,"files":28,"footnotes":0,"citations":0,"totalWords":80565,"totalCharacters":1150430,"totalSentences":699,"totalFootnotes":60,"totalCitations":60,"totalPages":268.6},"2024-05-08":{"words":55,"characters":314,"sentences":2,"pages":0.20000000000000018,"files":28,"footnotes":0,"citations":0,"totalWords":80618,"totalCharacters":1150741,"totalSentences":701,"totalFootnotes":74,"totalCitations":74,"totalPages":268.69999999999993},"2024-05-09":{"words":0,"characters":0,"sentences":0,"pages":0,"files":0,"footnotes":0,"citations":0,"totalWords":88012,"totalCharacters":1195533,"totalSentences":763,"totalFootnotes":0,"totalCitations":0,"totalPages":293.3},"2024-05-10":{"words":35,"characters":198,"sentences":1,"pages":0.1,"files":32,"footnotes":0,"citations":0,"totalWords":97020,"totalCharacters":1268179,"totalSentences":827,"totalFootnotes":167,"totalCitations":167,"totalPages":323.3},"2024-05-11":{"words":0,"characters":0,"sentences":0,"pages":0,"files":0,"footnotes":0,"citations":0,"totalWords":104890,"totalCharacters":1335894,"totalSentences":860,"totalFootnotes":0,"totalCitations":0,"totalPages":349.5},"2024-05-12":{"words":0,"characters":0,"sentences":0,"pages":0,"files":32,"footnotes":0,"citations":0,"totalWords":104890,"totalCharacters":1335894,"totalSentences":860,"totalFootnotes":0,"totalCitations":0,"totalPages":349.5},"2024-05-15":{"words":0,"characters":0,"sentences":0,"pages":0,"files":0,"footnotes":0,"citations":0,"totalWords":111044,"totalCharacters":1382167,"totalSentences":900,"totalFootnotes":0,"totalCitations":0,"totalPages":370},"2024-05-16":{"words":12,"characters":92,"sentences":1,"pages":0,"files":35,"footnotes":0,"citations":0,"totalWords":111056,"totalCharacters":1382259,"totalSentences":901,"totalFootnotes":40,"totalCitations":40,"totalPages":370},"2024-05-17":{"words":8,"characters":62,"sentences":0,"pages":0.1,"files":35,"footnotes":0,"citations":0,"totalWords":109738,"totalCharacters":1366878,"totalSentences":901,"totalFootnotes":0,"totalCitations":0,"totalPages":365.7},"2024-08-02":{"words":0,"characters":0,"sentences":0,"pages":0,"files":0,"footnotes":0,"citations":0,"totalWords":61186,"totalCharacters":654757,"totalSentences":1162,"totalFootnotes":0,"totalCitations":0,"totalPages":203.80000000000004},"2024-09-23":{"words":0,"characters":0,"sentences":0,"pages":0,"files":0,"footnotes":0,"citations":0,"totalWords":1384,"totalCharacters":14637,"totalSentences":25,"totalFootnotes":0,"totalCitations":0,"totalPages":4.6},"2024-09-24":{"words":0,"characters":0,"sentences":0,"pages":0,"files":0,"footnotes":0,"citations":0,"totalWords":1007,"totalCharacters":9492,"totalSentences":25,"totalFootnotes":0,"totalCitations":0,"totalPages":3.3},"2024-12-07":{"words":5565,"characters":38424,"sentences":203,"pages":18.5,"files":13,"footnotes":0,"citations":0,"totalWords":6573,"totalCharacters":47921,"totalSentences":232,"totalFootnotes":44805,"totalCitations":44805,"totalPages":21.800000000000026},"2024-12-08":{"words":3899,"characters":25815,"sentences":171,"pages":12.9,"files":16,"footnotes":0,"citations":0,"totalWords":10472,"totalCharacters":73742,"totalSentences":407,"totalFootnotes":0,"totalCitations":0,"totalPages":34.7},"2024-12-09":{"words":1,"characters":12,"sentences":0,"pages":0,"files":15,"footnotes":0,"citations":0,"totalWords":10461,"totalCharacters":73642,"totalSentences":406,"totalFootnotes":738,"totalCitations":738,"totalPages":34.7},"2024-12-10":{"words":0,"characters":0,"sentences":0,"pages":0,"files":0,"footnotes":0,"citations":0,"totalWords":10461,"totalCharacters":73642,"totalSentences":406,"totalFootnotes":0,"totalCitations":0,"totalPages":34.7},"2024-12-13":{"words":0,"characters":0,"sentences":0,"pages":0,"files":0,"footnotes":0,"citations":0,"totalWords":10461,"totalCharacters":73642,"totalSentences":406,"totalFootnotes":0,"totalCitations":0,"totalPages":34.7},"2025-01-14":{"words":0,"characters":0,"sentences":0,"pages":0,"files":0,"footnotes":0,"citations":0,"totalWords":2889,"totalCharacters":72913,"totalSentences":28,"totalFootnotes":0,"totalCitations":0,"totalPages":9.6},"2025-01-16":{"words":0,"characters":0,"sentences":0,"pages":0,"files":0,"footnotes":0,"citations":0,"totalWords":1453,"totalCharacters":26299,"totalSentences":28,"totalFootnotes":0,"totalCitations":0,"totalPages":4.799999999999999},"2025-01-19":{"words":1520,"characters":9398,"sentences":36,"pages":5.1,"files":8,"footnotes":0,"citations":0,"totalWords":2527,"totalCharacters":18891,"totalSentences":62,"totalFootnotes":146913,"totalCitations":146913,"totalPages":8.399999999999988},"2025-01-20":{"words":2002,"characters":11415,"sentences":94,"pages":6.6000000000000005,"files":10,"footnotes":0,"citations":0,"totalWords":9663,"totalCharacters":228085,"totalSentences":160,"totalFootnotes":0,"totalCitations":0,"totalPages":32.1},"2025-01-27":{"words":826,"characters":4459,"sentences":33,"pages":2.7,"files":15,"footnotes":0,"citations":0,"totalWords":14801,"totalCharacters":400920,"totalSentences":199,"totalFootnotes":2821,"totalCitations":2821,"totalPages":49.2},"2025-02-03":{"words":498,"characters":2775,"sentences":2,"pages":1.6999999999999997,"files":18,"footnotes":0,"citations":0,"totalWords":18861,"totalCharacters":542748,"totalSentences":205,"totalFootnotes":117724,"totalCitations":117724,"totalPages":62.80000000000002},"2025-02-04":{"words":1252,"characters":8178,"sentences":22,"pages":4.1,"files":21,"footnotes":0,"citations":0,"totalWords":23810,"totalCharacters":691464,"totalSentences":230,"totalFootnotes":228862,"totalCitations":228862,"totalPages":79.19999999999993},"2025-02-06":{"words":861,"characters":5565,"sentences":28,"pages":2.9,"files":21,"footnotes":0,"citations":0,"totalWords":24596,"totalCharacters":696575,"totalSentences":252,"totalFootnotes":36074,"totalCitations":36074,"totalPages":81.89999999999995},"2025-02-09":{"words":1374,"characters":7532,"sentences":16,"pages":4.6,"files":21,"footnotes":0,"citations":0,"totalWords":25898,"totalCharacters":703670,"totalSentences":268,"totalFootnotes":380,"totalCitations":380,"totalPages":86.30000000000001},"2025-02-10":{"words":1203,"characters":7577,"sentences":41,"pages":4,"files":24,"footnotes":0,"citations":0,"totalWords":41263,"totalCharacters":1220628,"totalSentences":316,"totalFootnotes":0,"totalCitations":0,"totalPages":137.5},"2025-02-18":{"words":2078,"characters":14130,"sentences":98,"pages":6.9,"files":10,"footnotes":0,"citations":0,"totalWords":6439,"totalCharacters":141271,"totalSentences":126,"totalFootnotes":791364,"totalCitations":791364,"totalPages":21.40000000000007},"2025-02-21":{"words":1051,"characters":6919,"sentences":61,"pages":3.5,"files":23,"footnotes":0,"citations":0,"totalWords":41956,"totalCharacters":1212674,"totalSentences":377,"totalFootnotes":0,"totalCitations":0,"totalPages":139.8},"2025-02-24":{"words":1739,"characters":9992,"sentences":45,"pages":5.8,"files":28,"footnotes":0,"citations":0,"totalWords":61786,"totalCharacters":1906259,"totalSentences":434,"totalFootnotes":70732,"totalCitations":70732,"totalPages":205.8999999999999},"2025-02-25":{"words":222,"characters":1201,"sentences":1,"pages":0.7999999999999998,"files":28,"footnotes":0,"citations":0,"totalWords":86343,"totalCharacters":2734253,"totalSentences":435,"totalFootnotes":0,"totalCitations":0,"totalPages":287.80000000000007},"2025-02-27":{"words":1316,"characters":8027,"sentences":47,"pages":4.4,"files":28,"footnotes":0,"citations":0,"totalWords":86972,"totalCharacters":2738153,"totalSentences":459,"totalFootnotes":130312,"totalCitations":130312,"totalPages":289.90000000000055},"2025-03-02":{"words":1835,"characters":10614,"sentences":48,"pages":6.1,"files":29,"footnotes":0,"citations":0,"totalWords":88808,"totalCharacters":2748772,"totalSentences":508,"totalFootnotes":191223,"totalCitations":191223,"totalPages":296.00000000000125},"2025-03-03":{"words":0,"characters":0,"sentences":0,"pages":0,"files":29,"footnotes":0,"citations":0,"totalWords":88808,"totalCharacters":2748771,"totalSentences":508,"totalFootnotes":49,"totalCitations":49,"totalPages":296.00000000000006},"2025-03-06":{"words":0,"characters":3,"sentences":0,"pages":0,"files":29,"footnotes":0,"citations":0,"totalWords":88809,"totalCharacters":2748775,"totalSentences":508,"totalFootnotes":0,"totalCitations":0,"totalPages":296.00000000000006},"2025-03-08":{"words":0,"characters":0,"sentences":0,"pages":0,"files":0,"footnotes":0,"citations":0,"totalWords":88809,"totalCharacters":2748775,"totalSentences":508,"totalFootnotes":0,"totalCitations":0,"totalPages":296.00000000000006},"2025-03-09":{"words":0,"characters":0,"sentences":0,"pages":0,"files":0,"footnotes":0,"citations":0,"totalWords":88809,"totalCharacters":2748775,"totalSentences":508,"totalFootnotes":0,"totalCitations":0,"totalPages":296.00000000000006},"2025-03-10":{"words":1050,"characters":5446,"sentences":27,"pages":3.5,"files":32,"footnotes":0,"citations":0,"totalWords":91436,"totalCharacters":2814536,"totalSentences":538,"totalFootnotes":5089,"totalCitations":5089,"totalPages":304.80000000000024},"2025-03-11":{"words":0,"characters":0,"sentences":0,"pages":0,"files":0,"footnotes":0,"citations":0,"totalWords":8449,"totalCharacters":155263,"totalSentences":225,"totalFootnotes":0,"totalCitations":0,"totalPages":28.1},"2025-03-14":{"words":0,"characters":0,"sentences":0,"pages":0,"files":0,"footnotes":0,"citations":0,"totalWords":0,"totalCharacters":0,"totalSentences":0,"totalFootnotes":0,"totalCitations":0,"totalPages":0},"2025-03-19":{"words":4,"characters":37,"sentences":0,"pages":0,"files":13,"footnotes":0,"citations":0,"totalWords":8457,"totalCharacters":155339,"totalSentences":226,"totalFootnotes":0,"totalCitations":0,"totalPages":28.1},"2025-06-12":{"words":0,"characters":0,"sentences":0,"pages":0,"files":0,"footnotes":0,"citations":0,"totalWords":10461,"totalCharacters":73640,"totalSentences":406,"totalFootnotes":0,"totalCitations":0,"totalPages":34.7}},"modifiedFiles":{}}